DM_4CRSOL,0.00011547
DM_5DRIB,0.00034746
DM_AMOB,1.0356e-06
DM_MTHTHF,0.00023198
DM_OXAM,0
Ec_biomass_iJO1366_WT_53p95M,0
Ec_biomass_iJO1366_core_53p95M,0.51782
EX_12ppd-R(e)_f,0
EX_12ppd-R(e)_b,0
EX_12ppd-S(e)_f,0
EX_12ppd-S(e)_b,0
EX_15dap(e)_f,0
EX_15dap(e)_b,0
EX_4abut(e)_f,0
EX_4abut(e)_b,0
EX_5mtr(e)_f,0
EX_5mtr(e)_b,0
EX_LalaDgluMdap(e)_f,0
EX_LalaDgluMdap(e)_b,0
EX_LalaDgluMdapDala(e)_f,0
EX_LalaDgluMdapDala(e)_b,0
EX_ac(e)_f,16.1569
EX_ac(e)_b,0
EX_acald(e)_f,0
EX_acald(e)_b,0
EX_acolipa(e)_f,0
EX_acolipa(e)_b,0
EX_acser(e)_f,0
EX_acser(e)_b,0
EX_ade(e)_f,0
EX_ade(e)_b,0
EX_adn(e)_f,0
EX_adn(e)_b,0
EX_agm(e)_f,0
EX_agm(e)_b,0
EX_akg(e)_f,0
EX_akg(e)_b,0
EX_ala-D(e)_f,0
EX_ala-D(e)_b,0
EX_ala-L(e)_f,0
EX_ala-L(e)_b,0
EX_alaala(e)_f,0
EX_alaala(e)_b,0
EX_alltn(e)_f,0
EX_alltn(e)_b,0
EX_anhgm(e)_f,0
EX_anhgm(e)_b,0
EX_arg-L(e)_f,0
EX_arg-L(e)_b,0
EX_asn-L(e)_f,0
EX_asn-L(e)_b,0
EX_asp-L(e)_f,0
EX_asp-L(e)_b,0
EX_ca2(e)_f,0
EX_ca2(e)_b,0.0026952
EX_cbl1(e)_f,0
EX_cbl1(e)_b,0
EX_cgly(e)_f,0
EX_cgly(e)_b,0
EX_cit(e)_f,0
EX_cit(e)_b,0
EX_cl(e)_f,0
EX_cl(e)_b,0.0026952
EX_co2(e)_f,0
EX_co2(e)_b,0.18918
EX_cobalt2(e)_f,0
EX_cobalt2(e)_b,1.2945e-05
EX_colipa(e)_f,0
EX_colipa(e)_b,0
EX_colipap(e)_f,0
EX_colipap(e)_b,0
EX_cu2(e)_f,0
EX_cu2(e)_b,0.00036713
EX_cys-L(e)_f,0
EX_cys-L(e)_b,0
EX_cytd(e)_f,0
EX_cytd(e)_b,0
EX_dha(e)_f,0
EX_dha(e)_b,0
EX_eca4colipa(e)_f,0
EX_eca4colipa(e)_b,0
EX_enlipa(e)_f,0
EX_enlipa(e)_b,0
EX_enter(e)_f,0
EX_enter(e)_b,0
EX_etha(e)_f,0
EX_etha(e)_b,0
EX_etoh(e)_f,15.8782
EX_etoh(e)_b,0
EX_fe2(e)_f,0
EX_fe2(e)_b,0.0042736
EX_fe3(e)_f,0
EX_fe3(e)_b,0.0040431
EX_feenter(e)_f,0
EX_feenter(e)_b,0
EX_for(e)_f,34.175
EX_for(e)_b,0
EX_g3pe(e)_f,0
EX_g3pe(e)_b,0
EX_g3pg(e)_f,0
EX_g3pg(e)_b,0
EX_glc(e)_f,0
EX_glc(e)_b,20
EX_glu-L(e)_f,0
EX_glu-L(e)_b,0
EX_gly(e)_f,0
EX_gly(e)_b,0
EX_glyald(e)_f,0
EX_glyald(e)_b,0
EX_glyc(e)_f,0
EX_glyc(e)_b,0
EX_glyc-R(e)_f,0
EX_glyc-R(e)_b,0
EX_glyc3p(e)_f,0
EX_glyc3p(e)_b,0
EX_glyclt(e)_f,0.00034642
EX_glyclt(e)_b,0
EX_gthrd(e)_f,0
EX_gthrd(e)_b,0
EX_gua(e)_f,0
EX_gua(e)_b,0
EX_h(e)_f,55.4374
EX_h(e)_b,0
EX_h2o(e)_f,0
EX_h2o(e)_b,2.2223
EX_h2s(e)_f,0
EX_h2s(e)_b,0
EX_his-L(e)_f,0
EX_his-L(e)_b,0
EX_hom-L(e)_f,0
EX_hom-L(e)_b,0
EX_hxa(e)_f,0
EX_hxa(e)_b,0
EX_hxan(e)_f,0
EX_hxan(e)_b,0
EX_ile-L(e)_f,0
EX_ile-L(e)_b,0
EX_indole(e)_f,0
EX_indole(e)_b,0
EX_ins(e)_f,0
EX_ins(e)_b,0
EX_k(e)_f,0
EX_k(e)_b,0.10107
EX_kdo2lipid4(e)_f,0
EX_kdo2lipid4(e)_b,0
EX_lac-D(e)_f,-6.3321e-26
EX_lac-D(e)_b,0
EX_lac-L(e)_f,0
EX_lac-L(e)_b,0
EX_leu-L(e)_f,0
EX_leu-L(e)_b,0
EX_lipa(e)_f,0
EX_lipa(e)_b,0
EX_lipa_cold(e)_f,0
EX_lipa_cold(e)_b,0
EX_lys-L(e)_f,0
EX_lys-L(e)_b,0
EX_mal-L(e)_f,0
EX_mal-L(e)_b,0
EX_meoh(e)_f,1.0356e-06
EX_meoh(e)_b,0
EX_mg2(e)_f,0
EX_mg2(e)_b,0.0044921
EX_mn2(e)_f,0
EX_mn2(e)_b,0.00035781
EX_mobd(e)_f,0
EX_mobd(e)_b,6.6799e-05
EX_nh4(e)_f,0
EX_nh4(e)_b,5.5929
EX_ni2(e)_f,0
EX_ni2(e)_b,0.00016726
EX_orn(e)_f,0
EX_orn(e)_b,0
EX_phe-L(e)_f,0
EX_phe-L(e)_b,0
EX_pheme(e)_f,0
EX_pheme(e)_b,0
EX_pi(e)_f,0
EX_pi(e)_b,0.4995
EX_pro-L(e)_f,0
EX_pro-L(e)_b,0
EX_ptrc(e)_f,0
EX_ptrc(e)_b,0
EX_pyr(e)_f,0
EX_pyr(e)_b,0
EX_quin(e)_f,0
EX_quin(e)_b,0
EX_ser-L(e)_f,0
EX_ser-L(e)_b,0
EX_so4(e)_f,0
EX_so4(e)_b,0.1306
EX_spmd(e)_f,0
EX_spmd(e)_b,0
EX_succ(e)_f,0.17164
EX_succ(e)_b,0
EX_thr-L(e)_f,0
EX_thr-L(e)_b,0
EX_thym(e)_f,0
EX_thym(e)_b,0
EX_thymd(e)_f,0
EX_thymd(e)_b,0
EX_trp-L(e)_f,0
EX_trp-L(e)_b,0
EX_tyr-L(e)_f,0
EX_tyr-L(e)_b,0
EX_ura(e)_f,0
EX_ura(e)_b,0
EX_urea(e)_f,0
EX_urea(e)_b,0
EX_uri(e)_f,0
EX_uri(e)_b,0
EX_val-L(e)_f,0
EX_val-L(e)_b,0
EX_xan(e)_f,0
EX_xan(e)_b,0
EX_xtsn(e)_f,0
EX_xtsn(e)_b,0
EX_zn2(e)_f,0
EX_zn2(e)_b,0.00017658
12DGR120tipp,0
12DGR140tipp,0
12DGR141tipp,0
12DGR160tipp,0
12DGR161tipp,0
12DGR180tipp,0
12DGR181tipp,0
12PPDRtex_f,0
12PPDRtex_b,0
12PPDRtpp_f,0
12PPDRtpp_b,0
12PPDStex_f,0
12PPDStex_b,0
12PPDStpp_f,0
12PPDStpp_b,0
2AGPA120tipp,0
2AGPA140tipp,0
2AGPA141tipp,0
2AGPA160tipp,0
2AGPA161tipp,0
2AGPA180tipp,0
2AGPA181tipp,0
2AGPE120tipp,0
2AGPE140tipp,0
2AGPE141tipp,0
2AGPE160tipp,0
2AGPE161tipp,0
2AGPE180tipp,0
2AGPE181tipp,0
2AGPEAT120,0
2AGPEAT140,0
2AGPEAT141,0
2AGPEAT160,0
2AGPEAT161,0
2AGPEAT180,0
2AGPEAT181,0
2AGPG120tipp,0
2AGPG140tipp,0
2AGPG141tipp,0
2AGPG160tipp,0
2AGPG161tipp,0
2AGPG180tipp,0
2AGPG181tipp,0
2AGPGAT120,0
2AGPGAT140,0
2AGPGAT141,0
2AGPGAT160,0
2AGPGAT161,0
2AGPGAT180,0
2AGPGAT181,0
2MAHMP,0
3HAD100,0
3HAD120,0
3HAD121,0
3HAD140,0
3HAD141,0
3HAD160,0
3HAD161,0
3HAD180,0
3HAD181,0
3HAD40,-2.1049e-18
3HAD60,0
3HAD80,0
3OAR100_f,0
3OAR100_b,0
3OAR120_f,0
3OAR120_b,0
3OAR121,0
3OAR140_f,0.040299
3OAR140_b,0
3OAR141,0
3OAR160_f,0
3OAR160_b,0
3OAR161,0
3OAR180_f,0
3OAR180_b,0
3OAR181,0
3OAR40_f,-2.1049e-18
3OAR40_b,0
3OAR60_f,0
3OAR60_b,0
3OAR80_f,0
3OAR80_b,0
3OAS100,0
3OAS120,0
3OAS121,0
3OAS140,0.040299
3OAS141,0
3OAS160,0
3OAS161,0
3OAS180,0
3OAS181,0
3OAS60,0
3OAS80,0
3PEPTabcpp,0
3PEPTtex_f,0
3PEPTtex_b,0
4PCP,0
4PCPpp,0
4PEPTabcpp,0
4PEPTtex_f,0
4PEPTtex_b,0
5DOAN,0.00034746
5MTRtex_f,0
5MTRtex_b,0
5MTRtpp,0
A5PISO_f,0.020149
A5PISO_b,0
AACPS1,0
AACPS2,0
AACPS3,0.066088
AACPS4,0.077894
AACPS5,0
AACPS6,0
AACPS7,0.040299
AACPS8,0
AACPS9,0
AACTOOR,0
AADDGT,0
ABTA,0
ABUTD,0
ABUTt2pp,0
ABUTtex_f,0
ABUTtex_b,0
ACACT1r_f,0.18428
ACACT1r_b,0
ACACT2r_f,0.18428
ACACT2r_b,0
ACACT3r_f,0.18428
ACACT3r_b,0
ACACT4r_f,0.18428
ACACT4r_b,0
ACACT5r_f,0.18428
ACACT5r_b,0
ACACT6r_f,0.14398
ACACT6r_b,0
ACACT7r_f,0.14398
ACACT7r_b,0
ACACT8r_f,0
ACACT8r_b,0
ACALD_f,0
ACALD_b,15.8782
ACALDtex_f,0
ACALDtex_b,0
ACALDtpp_f,0
ACALDtpp_b,0
ACCOAC,0.040302
ACCOAL,0
ACGAMK,0
ACGAMT,0
ACGK,0.15317
ACGS,0.15317
ACHBS,0.15044
ACKr_f,0
ACKr_b,15.8552
ACLS,0.45271
ACM6PH,0
ACMAMUT,0
ACOAD1f_f,0
ACOAD1f_b,0.18428
ACOAD2f_f,0
ACOAD2f_b,0.18428
ACOAD3f_f,0
ACOAD3f_b,0.18428
ACOAD4f_f,0
ACOAD4f_b,0.18428
ACOAD5f_f,0
ACOAD5f_b,0.18428
ACOAD6f_f,0
ACOAD6f_b,0.14398
ACOAD7f_f,0
ACOAD7f_b,0.066088
ACOAD8f_f,0
ACOAD8f_b,0
ACOATA_f,0
ACOATA_b,0
ACODA,0.15317
ACOLIPAabctex,0
ACONTa_f,0.55675
ACONTa_b,0
ACONTb_f,0.55675
ACONTb_b,0
ACOTA_f,0
ACOTA_b,0.15317
ACPPAT120,0
ACPPAT140,0
ACPPAT141,0
ACPPAT160,0
ACPPAT161,0
ACPPAT180,0
ACPPAT181,0
ACS,0
ACSERtex_f,0
ACSERtex_b,0
ACSERtpp,0
ACt2rpp_f,0
ACt2rpp_b,16.1569
ACt4pp,0
ACtex_f,0
ACtex_b,16.1569
ADA,0
ADCL,0.00034642
ADCS,0.00034642
ADD,0
ADEt2rpp_f,0
ADEt2rpp_b,1.4124e-27
ADEtex_f,0
ADEtex_b,1.4113e-27
ADK1_f,1.3595
ADK1_b,0
ADK3_f,0
ADK3_b,0
ADK4_f,0
ADK4_b,0
ADMDC,0
ADNCYC,0
ADNK1,0.00057944
ADNUC,0
ADNt2pp,0
ADNt2rpp_f,0
ADNt2rpp_b,9.3462e-26
ADNtex_f,0
ADNtex_b,9.3464e-26
ADPRDP,0
ADPT,0
ADSK,0.12835
ADSL1r_f,0.15485
ADSL1r_b,0
ADSL2r_f,0.23199
ADSL2r_b,0
ADSS,0.15485
AGDC,0
AGM3PA,0
AGM3PApp,0
AGM3PH,0
AGM3Pt2pp,0
AGM4PA,0
AGM4PApp,0
AGM4PCP,0
AGM4PCPpp,0
AGM4PH,0
AGM4Pt2pp,0
AGMH,0
AGMHE,0
AGMT,0
AGMt2pp,0
AGMtex_f,0
AGMtex_b,0
AGPAT120,0
AGPAT140,0
AGPAT141,0
AGPAT160,0.033044
AGPAT161,0.038947
AGPAT180,0
AGPAT181,0
AGPR_f,0
AGPR_b,0.15317
AHCYSNS,0.00023198
AICART_f,0.28105
AICART_b,0
AIRC2,0.23199
AIRC3_f,0
AIRC3_b,0.23199
AKGDH,0
AKGt2rpp_f,0
AKGt2rpp_b,0
AKGtex_f,0
AKGtex_b,0
ALAALAD,0
ALAALAabcpp,0
ALAALAr_f,0.014389
ALAALAr_b,0
ALAALAtex_f,0
ALAALAtex_b,0
ALAGLUE_f,0
ALAGLUE_b,0
ALAR_f,0.021584
ALAR_b,0
ALATA_D2,0
ALATA_L_f,0
ALATA_L_b,0.30104
ALATA_L2,0
ALAabcpp,0
ALAt2pp,0
ALAt2rpp_f,0
ALAt2rpp_b,0
ALAt4pp,0
ALAtex_f,0
ALAtex_b,0
ALCD19_f,0
ALCD19_b,0
ALCD2x_f,0
ALCD2x_b,15.8782
ALDD2x,0
ALDD2y,0
ALLTAMH,0
ALLTN,0
ALLTNt2rpp_f,0
ALLTNt2rpp_b,0
ALLTNtex_f,0
ALLTNtex_b,0
ALR2,0
ALR4x,0
AM3PA,0
AM4PA,0
AM4PCP,0
AMAOTr_f,1.0356e-06
AMAOTr_b,0
AMMQLT8,0
AMPMS2,0.00011547
AMPN,0
AMPTASECG,0
ANHGMtex_f,0
ANHGMtex_b,0
ANHMK,0
ANPRT,0.029434
ANS,0.029434
AOBUTDs,0
AOXSr2,1.0356e-06
AP4AH,0
AP4AS,0
APG3PAT120,0
APG3PAT140,0
APG3PAT141,0
APG3PAT160,0
APG3PAT161,0
APG3PAT180,0
APG3PAT181,0
APH120,0
APH140,0
APH141,0
APH160,0
APH161,0
APH180,0
APH181,0
APRAUR,0.00023095
ARBTNR1,0
ARBTNR2,0
ARBTNR3,0
ARBTNabcpp,0
ARBTNexs,0
ARBTNtex,0
ARBTNtonex,0
ARBTNtpp,0
ARBabcpp,0
ARBt2rpp_f,0
ARBt2rpp_b,0
ARBt3ipp,0
ARGAGMt7pp_f,0
ARGAGMt7pp_b,0
ARGDC,0
ARGDCpp,0
ARGORNt7pp_f,0
ARGORNt7pp_b,0
ARGSL_f,0.15317
ARGSL_b,0
ARGSS,0.15317
ARGabcpp,0
ARGt3pp,0
ARGtex_f,0
ARGtex_b,0
ASAD_f,0
ASAD_b,0.55359
ASNN,0
ASNNpp,0
ASNS1,0
ASNS2,0.12482
ASNabcpp,0
ASNt2rpp_f,0
ASNt2rpp_b,0
ASNtex_f,0
ASNtex_b,0
ASP1DC,0.00029826
ASPCT,0.17129
ASPK_f,0.55359
ASPK_b,0
ASPO4,0
ASPO5,0
ASPO6,0.0011796
ASPT,0
ASPTA_f,0
ASPTA_b,1.516
ASPabcpp,0
ASPt2_2pp,0
ASPt2_3pp,0
ASPt2pp,0
ASPt2rpp_f,0
ASPt2rpp_b,0
ASPtex_f,0
ASPtex_b,0
AST,0
ATHRDHr_f,0
ATHRDHr_b,0
ATPHs,0
ATPM,3.15
ATPPRT,0.049057
ATPS4rpp_f,0
ATPS4rpp_b,13.212
BMOCOS,6.3174e-05
BMOGDS1,6.3174e-05
BMOGDS2,6.3174e-05
BPNT,0.12835
BTS5,1.0356e-06
CA2t3pp,0
CA2tex_f,0.0026952
CA2tex_b,0
CADVtpp,0
CAt6pp_f,0
CAt6pp_b,0.0026952
CBL1abcpp,0
CBL1tonex,0
CBLAT_f,0
CBLAT_b,0
CBMKr_f,0.32446
CBMKr_b,0
CBPS,0
CD2abcpp,0
CD2t3pp,0
CD2tpp,0
CDAPPA120,0
CDAPPA140,0
CDAPPA141,0
CDAPPA160,0
CDAPPA161,0
CDAPPA180,0
CDAPPA181,0
CDPMEK,0.0012371
CGLYabcpp,0
CGLYtex_f,0
CGLYtex_b,0
CHORM,0.16745
CHORS,0.19735
CHRPL,0.00011547
CITL,0
CITt3pp,3.6809e-27
CITt7pp,0
CITtex_f,0
CITtex_b,3.6812e-27
CLIPAabctex,0
CLPNH120pp,0
CLPNH140pp,0
CLPNH141pp,0
CLPNH160pp,0
CLPNH161pp,0
CLPNH180pp,0
CLPNH181pp,0
CLPNS120pp_f,0
CLPNS120pp_b,0
CLPNS140pp_f,0
CLPNS140pp_b,0
CLPNS141pp_f,0
CLPNS141pp_b,0
CLPNS160pp_f,0
CLPNS160pp_b,0
CLPNS161pp_f,0
CLPNS161pp_b,0
CLPNS180pp_f,0
CLPNS180pp_b,0
CLPNS181pp_f,0
CLPNS181pp_b,0
CLt3_2pp,0.0013476
CLtex_f,0.0026952
CLtex_b,0
CMPN,0
CMtex_f,0
CMtex_b,0
CMtpp,0
CO2tex_f,0.18918
CO2tex_b,0
CO2tpp_f,0.18918
CO2tpp_b,0
COBALT2abcpp,0
COBALT2t3pp,0
COBALT2tex_f,1.2945e-05
COBALT2tex_b,0
COBALT2tpp,1.2945e-05
COLIPAKpp,0
COLIPAPabctex,0
COLIPAabcpp,0
COLIPAabctex,0
CPGNR1,0
CPGNR2,0
CPGNR3,0
CPGNUtex,0
CPGNUtpp,0
CPGNabcpp,0
CPGNexs,0
CPGNtonex,0
CPMPS,0.00012635
CPPPGO2,0.00011547
CRNDabcpp,0
CRNDt2rpp_f,0
CRNDt2rpp_b,0
CRNabcpp,0
CRNt2rpp_f,0
CRNt2rpp_b,0
CRNt8pp,0
CS,0.55675
CSND,0
CTBTabcpp,0
CTBTt2rpp_f,0
CTBTt2rpp_b,0
CTECOAI6_f,0
CTECOAI6_b,0
CTECOAI7_f,0
CTECOAI7_b,0.077894
CTECOAI8_f,0
CTECOAI8_b,0
CTPS2,0.083123
CU2abcpp,0
CU2tex_f,0.00036713
CU2tex_b,0
CU2tpp,0.00036713
CYSDS,0
CYSS,0.12835
CYSTL,0.079698
CYSabc2pp,0
CYSabcpp,0
CYStex_f,0
CYStex_b,0
CYStpp,0
CYTD,0
CYTDH,0
CYTDK2,0
CYTDt2pp,0
CYTDt2rpp_f,0
CYTDt2rpp_b,0
CYTDtex_f,0
CYTDtex_b,0
CYTK1_f,0.093676
CYTK1_b,0
CYTK2_f,0
CYTK2_b,0
D-LACt2pp_f,0
D-LACt2pp_b,-6.3252e-26
D-LACtex_f,0
D-LACtex_b,-6.3321e-26
DAAD,0
DADA,0
DADK_f,0
DADK_b,-8.7243e-27
DAGK120,0
DAGK140,0
DAGK141,0
DAGK160,0
DAGK161,0
DAGK180,0
DAGK181,0
DALAt2pp,0.0071946
DALAtex_f,0
DALAtex_b,0
DAPDC,0.1777
DAPE_f,0.19208
DAPE_b,0
DAPtex_f,0
DAPtex_b,0
DASYN120,0
DASYN140,0
DASYN141,0
DASYN160,0.033044
DASYN161,0.038947
DASYN180,0
DASYN181,0
DATPHs,0
DB4PS,0.00046189
DBTS,1.0356e-06
DCTPD,0
DCYTD,0
DDPA,0.19735
DGK1_f,-9.167e-27
DGK1_b,0
DHAD1,0.45271
DHAD2,0.15044
DHAPT,15.7582
DHAtex_f,0
DHAtex_b,0
DHAtpp_f,0
DHAtpp_b,0
DHBD_f,0
DHBD_b,0
DHBS,0
DHBSH,0
DHDPRy,0.19208
DHDPS,0.19208
DHFR_f,0.013896
DHFR_b,0
DHFS,0.00034642
DHNAOT4,0
DHNCOAS,0
DHNCOAT,0
DHNPA2r_f,0.00034642
DHNPA2r_b,0
DHORD5,0
DHORDfum,0.17129
DHORTS_f,0
DHORTS_b,0.17129
DHPPDA2,0.00023095
DHPS2,0.00034642
DHPTDCs2,0.00023198
DHQS,0.19735
DHQTi,0.19735
DMATT,0.00014395
DMPPS,0.00014395
DMQMT,0
DNMPPA,0.00034642
DNTPPA,0.00034642
DOXRBCNtex_f,0
DOXRBCNtex_b,0
DOXRBCNtpp,0
DPCOAK,0.00029826
DPR,0.00029826
DRPA,0
DSERDHr_f,0
DSERDHr_b,0
DTMPK_f,0.013549
DTMPK_b,0
DURIK1,0
DURIPP_f,2.078e-28
DURIPP_b,0
DUTPDP,0.013549
DXPRIi,0.0012371
DXPS,0.001468
E4PD_f,0.00011547
E4PD_b,0
EAR100x,0
EAR100y,0
EAR120x,0
EAR120y,0
EAR121x,0
EAR121y,0
EAR140x,0
EAR140y,0
EAR141x,0
EAR141y,0
EAR160x,0
EAR160y,0
EAR161x,0
EAR161y,0
EAR180x,0
EAR180y,0
EAR181x,0
EAR181y,0
EAR40x,0
EAR40y,0
EAR60x,0
EAR60y,0
EAR80x,0
EAR80y,0
ECA4COLIPAabctex,0
ECA4OALpp,0
ECAP1pp,0
ECAP2pp,0
ECAP3pp,0
ECAtpp,0
ECOAH1_f,0.18428
ECOAH1_b,0
ECOAH2_f,0.18428
ECOAH2_b,0
ECOAH3_f,0.18428
ECOAH3_b,0
ECOAH4_f,0.18428
ECOAH4_b,0
ECOAH5_f,0.18428
ECOAH5_b,0
ECOAH6_f,0.14398
ECOAH6_b,0
ECOAH7_f,0.14398
ECOAH7_b,0
ECOAH8_f,0
ECOAH8_b,0
EDA,0
EDD,0
EDTXS1,0
EDTXS2,0
EDTXS3,0
EDTXS4,0
EGMEACPR,1.0356e-06
ENLIPAabctex,0
ENO_f,37.8918
ENO_b,0
ENTCS,0
ENTERES,0
ENTERES2,0
EPMEACPR,1.0356e-06
ETHAAL,0
ETHAt2pp,0
ETHAtex_f,0
ETHAtex_b,0
ETOHtex_f,0
ETOHtex_b,15.8782
ETOHtrpp_f,0
ETOHtrpp_b,15.8782
F6PA_f,15.7582
F6PA_b,0
F6PP,0
FA100ACPHi,0
FA120ACPHi,0
FA140ACPHi,0
FA141ACPHi,0
FA160ACPHi,0
FA161ACPHi,0
FA80ACPHi,0
FACOAE100,0
FACOAE120,0.040299
FACOAE140,0
FACOAE141,0
FACOAE160,0.066088
FACOAE161,0.077894
FACOAE180,0
FACOAE181,0
FACOAE60,0
FACOAE80,0
FACOAL120t2pp,0
FACOAL140t2pp,0
FACOAL141t2pp,0
FACOAL160t2pp,0
FACOAL161t2pp,0
FACOAL180t2pp,0
FACOAL181t2pp,0
FACOAL60t2pp,0
FADRx,1.1319
FADRx2,0
FBA_f,3.7909
FBA_b,0
FBA3_f,0
FBA3_b,0
FBP,0
FCLT,0.00011547
FDH5pp,0
FE2abcpp,0
FE2t2pp,0
FE2t3pp,0
FE2tex_f,0.0042736
FE2tex_b,0
FE2tpp,0.0042736
FE3HOXR1,0
FE3HOXR2,0
FE3HOXR3,0
FE3HOXUtex,0
FE3HOXUtpp,0
FE3HOXabcpp,0
FE3HOXexs,0
FE3HOXtonex,0
FE3Ri,0
FE3abcpp,0.0040431
FE3tex_f,0.0040431
FE3tex_b,0
FECRMR1,0
FECRMR2,0
FECRMR3,0
FECRMUtex,0
FECRMUtpp,0
FECRMabcpp,0
FECRMexs,0
FECRMtonex,0
FEENTERR1,0
FEENTERR2,0
FEENTERR3,0
FEENTERabcpp,0
FEENTERexs,0
FEENTERtex,0
FEENTERtonex,0
FEENTERtpp,0
FEOXAMR1,0
FEOXAMR2,0
FEOXAMR3,0
FEOXAMUtex,0
FEOXAMUtpp,0
FEOXAMabcpp,0
FEOXAMexs,0
FEOXAMtonex,0
FLDR2,0
FLVR,0
FLVRx,0
FMNAT,0.00011547
FMNRx,0
FMNRx2,0
FOMETRi,0
FORt2pp,0
FORtex_f,0
FORtex_b,34.175
FORtppi,34.175
FRD2,0
FRD3,0
FTHFD,0
FTHFLi,0
FUM_f,0.36837
FUM_b,0
FUSAtex_f,0
FUSAtex_b,0
FUSAtpp,0
G1PACT,0.048928
G1PTT,0
G1SAT_f,0.0018476
G1SAT_b,0
G3PAT120,0
G3PAT140,0
G3PAT141,0
G3PAT160,0.033044
G3PAT161,0.038947
G3PAT180,0
G3PAT181,0
G3PD2_f,0
G3PD2_b,0.071991
G3PD6,0
G3PD7,0
G3PEabcpp,0
G3PEtex_f,0
G3PEtex_b,0
G3PGabcpp,0
G3PGtex_f,0
G3PGtex_b,0
G3PT,0
G5SADs,0.11447
G5SD,0.11447
G6PDA,0
G6PDH2r_f,0
G6PDH2r_b,0
G6PP,0
GALT1,0
GALUi,0
GAPD_f,38.7532
GAPD_b,0
GARFT_f,0.17429
GARFT_b,0
GART,0.057821
GCALDD,0.00034642
GDPDPK,0
GDPMNH,0
GDPMNP,0
GDPTPDP,0
GF6PTA,0.048928
GGGABADr_f,0
GGGABADr_b,0
GGGABAH,0
GGPTRCO,0
GGPTRCS,0
GHMT2r_f,0.54934
GHMT2r_b,0
GK1_f,0.1262
GK1_b,0
GLBRAN2,0
GLCP,0
GLCP2,0
GLCS1,0
GLCTR1,0
GLCTR2,0
GLCTR3,0
GLCabcpp,0
GLCptspp,20
GLCt2pp,0
GLCtex_f,0
GLCtex_b,0
GLCtexi,20
GLDBRAN2,0
GLGC,0
GLNS,0.93757
GLU5K,0.11447
GLUABUTt7pp_f,0
GLUABUTt7pp_b,0
GLUCYS,0
GLUDC,0
GLUDy_f,0
GLUDy_b,4.4
GLUN,0
GLUPRT,0.23211
GLUR_f,0
GLUR_b,0.014389
GLUSy,0
GLUTRR,0.0018476
GLUTRS,0.0018476
GLUabcpp,0
GLUt2rpp_f,0
GLUt2rpp_b,0
GLUt4pp,0
GLUtex_f,0
GLUtex_b,0
GLXCL,0
GLYALDtex_f,0
GLYALDtex_b,0
GLYALDtpp_f,0
GLYALDtpp_b,0
GLYAT_f,0
GLYAT_b,0
GLYC3Pabcpp,0
GLYC3Pt6pp,0
GLYC3Ptex_f,0
GLYC3Ptex_b,0
GLYCAt2rpp_f,0
GLYCAt2rpp_b,0
GLYCAtex_f,0
GLYCAtex_b,0
GLYCDx,0
GLYCK,0
GLYCK2,0
GLYCL,0
GLYCLTDx,0
GLYCLTDy,0
GLYCLTt2rpp_f,0
GLYCLTt2rpp_b,0.00034642
GLYCLTt4pp,0
GLYCLTtex_f,0
GLYCLTtex_b,0.00034642
GLYCTO3,0
GLYCTO4,0
GLYCtex_f,0
GLYCtex_b,0
GLYCtpp_f,0
GLYCtpp_b,0
GLYK,0
GLYOX,0
GLYOX3,0
GLYt2pp,0
GLYt2rpp_f,0
GLYt2rpp_b,0
GLYt4pp,0
GLYtex_f,0
GLYtex_b,0
GMHEPAT,0
GMHEPK,0
GMHEPPA,0
GMPR,0
GMPS2,0.1262
GND,0
GPDDA2,0
GPDDA2pp,0
GPDDA4,0
GPDDA4pp,0
GRTT,0.00014395
GRXR,0
GSNK,9.167e-27
GSPMDA,0
GSPMDS,0
GTHOr_f,0
GTHOr_b,0
GTHRDHpp,0
GTHRDabc2pp,0
GTHRDabcpp,0
GTHRDtex_f,0
GTHRDtex_b,0
GTHS,0
GTPCI,0.00034642
GTPCII2,0.00023095
GTPDPDP,0
GTPDPK,0
GTPHs,0
GUACYC,0
GUAD,0
GUAPRT,0
GUAt2pp,0
GUAtex_f,0
GUAtex_b,0
GUAtpp_f,0
GUAtpp_b,0
H2Otex_f,2.2223
H2Otex_b,0
H2Otpp_f,2.2223
H2Otpp_b,0
H2St1pp,0
H2Stex_f,0
H2Stex_b,0
HACD1_f,0.18428
HACD1_b,0
HACD2_f,0.18428
HACD2_b,0
HACD3_f,0.18428
HACD3_b,0
HACD4_f,0.18428
HACD4_b,0
HACD5_f,0.18428
HACD5_b,0
HACD6_f,0.14398
HACD6_b,0
HACD7_f,0.14398
HACD7_b,0
HACD8_f,0
HACD8_b,0
HBZOPT,0.00011547
HCO3E_f,0.27229
HCO3E_b,0
HCYSMT,0
HEMEOS,0
HEPK1,0
HEPK2,0
HEPT1,0
HEPT2,0
HEPT3,0
HEPT4,0
HEX1,0
HEX4,0
HEX7,0
HEXt2rpp_f,0
HEXt2rpp_b,0
HISTD,0.049057
HISTP,0.049057
HISabcpp,0
HISt2rpp_f,0
HISt2rpp_b,0
HIStex_f,0
HIStex_b,0
HMBS,0.00023095
HOMt2pp,0
HOMtex_f,0
HOMtex_b,0
HPPK2,0.00034642
HPYRI_f,0
HPYRI_b,0
HPYRRx,0
HPYRRy,0
HSDy_f,0
HSDy_b,0.3615
HSK,0.28181
HSST,0.079698
HSTPT,0.049057
HXAND,0
HXAtex_f,0
HXAtex_b,0
HXCT,0
HXPRT,0
HYPOE,0
HYXNtex_f,0
HYXNtex_b,0
HYXNtpp_f,0
HYXNtpp_b,0
Htex_f,0
Htex_b,55.4374
I2FE2SR,1.0356e-06
I2FE2SS,0.0001481
I2FE2SS2,0.00013463
I2FE2ST,1.4499e-05
I4FE4SR,0.00013463
I4FE4ST,0.00013463
ICDHyr_f,0.55675
ICDHyr_b,0
ICHORS_f,0
ICHORS_b,0
ICHORSi,0
ICHORT,0
ICL,0
ICYSDS,0.00093466
IDOND_f,0
IDOND_b,0
IDOND2,0
IG3PS,0.049057
IGPDH,0.049057
IGPS,0.029434
ILETA_f,0
ILETA_b,0.15044
ILEabcpp,0
ILEt2rpp_f,0
ILEt2rpp_b,0
ILEtex_f,0
ILEtex_b,0
IMPC_f,0
IMPC_b,0.28105
IMPD,0.1262
INDOLEt2pp,0
INDOLEt2rpp_f,0
INDOLEt2rpp_b,0
INDOLEtex_f,0
INDOLEtex_b,0
INSH,-1.0522e-30
INSK,5.2298e-26
INSt2pp,0
INSt2rpp_f,0
INSt2rpp_b,-9.2668e-26
INStex_f,0
INStex_b,-9.2668e-26
IPDDI_f,0
IPDDI_b,0
IPDPS,0.0010931
IPMD,0.23329
IPPMIa_f,0
IPPMIa_b,0.23329
IPPMIb_f,0
IPPMIb_b,0.23329
IPPS,0.23329
K2L4Aabcpp,0.010075
K2L4Aabctex,0.010075
KARA1_f,0
KARA1_b,0.45271
KARA2_f,0.15044
KARA2_b,0
KAS14,0
KAS15,-2.1049e-18
KDOCT2,0.020149
KDOPP,0.020149
KDOPS,0.020149
Kabcpp,0
Kt2pp,0.10107
Kt3pp,0
Ktex_f,0.10107
Ktex_b,0
L-LACD3,0
L-LACt2rpp_f,0
L-LACt2rpp_b,0
L-LACtex_f,0
L-LACtex_b,0
LA4NTpp,0
LADGMDH,0
LALDO2x,0
LALDO3,0
LALGP,0
LCADi,0
LCARR_f,0
LCARR_b,0
LCARS_f,0
LCARS_b,0
LCTSt3ipp,0
LCTStpp_f,0
LCTStpp_b,0
LDH_D_f,0
LDH_D_b,0
LEUTAi,0.23329
LEUabcpp,0
LEUt2rpp_f,0
LEUt2rpp_b,0
LEUtex_f,0
LEUtex_b,0
LGTHL,0
LIPACabcpp,0
LIPAabcpp,0
LIPAabctex,0
LIPOCT,0
LIPOS,0
LPADSS,0.010075
LPLIPAL1A120pp,0
LPLIPAL1A140pp,0
LPLIPAL1A141pp,0
LPLIPAL1A160pp,0
LPLIPAL1A161pp,0
LPLIPAL1A180pp,0
LPLIPAL1A181pp,0
LPLIPAL1E120pp,0
LPLIPAL1E140pp,0
LPLIPAL1E141pp,0
LPLIPAL1E160pp,0
LPLIPAL1E161pp,0
LPLIPAL1E180pp,0
LPLIPAL1E181pp,0
LPLIPAL1G120pp,0
LPLIPAL1G140pp,0
LPLIPAL1G141pp,0
LPLIPAL1G160pp,0
LPLIPAL1G161pp,0
LPLIPAL1G180pp,0
LPLIPAL1G181pp,0
LPLIPAL2A120,0
LPLIPAL2A140,0
LPLIPAL2A141,0
LPLIPAL2A160,0
LPLIPAL2A161,0
LPLIPAL2A180,0
LPLIPAL2A181,0
LPLIPAL2E120,0
LPLIPAL2E140,0
LPLIPAL2E141,0
LPLIPAL2E160,0
LPLIPAL2E161,0
LPLIPAL2E180,0
LPLIPAL2E181,0
LPLIPAL2G120,0
LPLIPAL2G140,0
LPLIPAL2G141,0
LPLIPAL2G160,0
LPLIPAL2G161,0
LPLIPAL2G180,0
LPLIPAL2G181,0
LSERDHr_f,0
LSERDHr_b,0
LYSDC,0
LYSabcpp,0
LYSt2pp,0
LYSt3pp,0
LYStex_f,0
LYStex_b,0
MACPD,0
MALCOAMT,1.0356e-06
MALS,0
MALt2_2pp,0
MALt2_3pp,0
MALt3pp,0
MALtex_f,0
MALtex_b,0
MAN1PT2,0
MCITD,0
MCITL2_f,0
MCITL2_b,0
MCITS,0
MCOATA_f,0.040301
MCOATA_b,0
MCTP1App,0.0071946
MCTP1Bpp,0
MCTP2App,0
MDDCP1pp,0
MDDCP2pp,0
MDDCP3pp,0
MDDCP4pp,0
MDDCP5pp,0
MDDEP1pp,0
MDDEP2pp,0
MDDEP3pp,0
MDDEP4pp,0
MDH_f,0.36955
MDH_b,0
MDH3,0
ME1,0
ME2,0
MECDPDH5,0.0012371
MECDPS,0.0012371
MELIBt2pp,0
MELIBt3ipp,0
MEOHtex_f,0
MEOHtex_b,1.0356e-06
MEOHtrpp_f,0
MEOHtrpp_b,1.0356e-06
MEPCT,0.0012371
METAT,0.00069595
METS,0.07993
MG2t3_2pp_f,0.0044921
MG2t3_2pp_b,0
MG2tex_f,0.0044921
MG2tex_b,0
MG2tpp,0
MG2uabcpp,0
MGSA,-7.2964e-26
MICITDr_f,0
MICITDr_b,0
MINCYCtex_f,0
MINCYCtex_b,0
MINCYCtpp,0
MLDCP1App,0
MLDCP1Bpp,0
MLDCP2App,0
MLDCP2Bpp,0
MLDCP3App,0
MLDEP1pp,0
MLDEP2pp,0
MLTG3,0
MLTG4,0
MLTG5,0
MLTGY1pp,0
MLTGY2pp,0
MLTGY3pp,0
MLTGY4pp,0
MLTP1_f,0
MLTP1_b,0
MLTP2_f,0
MLTP2_b,0
MLTP3_f,0
MLTP3_b,0
MMCD,0
MMM,0
MN2t3pp,0
MN2tpp,0.00035781
MN6PP,0
MNt2pp,0
MNtex_f,0.00035781
MNtex_b,0
MOADSUx,0.0002527
MOAT,0.010075
MOAT2,0.010075
MOAT3C,0
MOBDabcpp,6.6799e-05
MOBDtex_f,6.6799e-05
MOBDtex_b,0
MOCDS,0
MOCOS,6.3174e-05
MOGDS,0
MOHMT,0.00029826
MOX_f,0
MOX_b,0.0011796
MPTAT,0.00012635
MPTG,0.0071946
MPTG2,0
MPTS,0.00012635
MPTSS,0.0002527
MTAN,0
MTHFC_f,0.45545
MTHFC_b,0
MTHFD_f,0.45545
MTHFD_b,0
MTHFR2,0.07993
MTHTHFSs,0.00023198
NACODA,0
NADDP,0
NADH10,0
NADH17pp,0
NADH18pp,0
NADH9,0
NADK,0.00023147
NADN,0
NADPHQR3,0
NADPHQR4,0
NADPPPS,0
NADS1,0.0011796
NADTRHD,0
NAMNPP,0
NAt3_1p5pp,0
NAt3_2pp,0
NAt3pp,0
NDPK1_f,0.4094
NDPK1_b,0
NDPK2_f,0.22022
NDPK2_b,0
NDPK3_f,0.093676
NDPK3_b,0
NDPK4_f,0.013549
NDPK4_b,0
NDPK5_f,0
NDPK5_b,9.167e-27
NDPK6_f,0
NDPK6_b,0
NDPK7_f,0
NDPK7_b,-8.4243e-30
NDPK8_f,9.2394e-27
NDPK8_b,0
NH4tex_f,5.5929
NH4tex_b,0
NH4tpp_f,5.5929
NH4tpp_b,0
NI2abcpp,0
NI2t3pp,0
NI2tex_f,0.00016726
NI2tex_b,0
NI2tpp,0.00016726
NI2uabcpp,0
NMNAT,0
NMNDA,0
NMNN,0
NNAM,0
NNATr_f,0.0011796
NNATr_b,0
NNDPR,0.0011796
NOVBCNtex_f,0
NOVBCNtex_b,0
NOVBCNtpp,0
NTD1,7.2335e-29
NTD10,0
NTD11,0
NTD12,0
NTD2,0
NTD3,0
NTD4,0
NTD5,0
NTD6,-8.7243e-27
NTD7,0
NTD8,9.167e-27
NTD9,0
NTP1,0
NTP10,0
NTP3,0
NTP5,0
NTPP1,0
NTPP10,0
NTPP11,0
NTPP2,0
NTPP3,0
NTPP4,0
NTPP5,0
NTPP6,0
NTPP7,0
NTPP8,0
NTPP9,5.976e-29
NTPTP1,0
NTPTP2,0
OAADC,0
OBTFL,0
OCBT_f,0.15317
OCBT_b,0
OCTDPS,0.00011547
OCTNLL,0
OGMEACPD,1.0356e-06
OGMEACPR,1.0356e-06
OGMEACPS,1.0356e-06
OHPBAT_f,0.00011547
OHPBAT_b,0
OHPHM,0
OMBZLM,0
OMCDC,0.23329
OMMBLHX3,0
OMPDC,0.17129
OMPHHX3,0
OPHBDC,0.00011547
OPHHX3,0.00011547
OPMEACPD,1.0356e-06
OPMEACPR,1.0356e-06
OPMEACPS,1.0356e-06
ORNDC,0
ORNabcpp,0
ORNtex_f,0
ORNtex_b,0
ORPT_f,0
ORPT_b,0.17129
OXAMTC,0
P5CD,0
P5CR,0.11447
PA120abcpp,0
PA140abcpp,0
PA141abcpp,0
PA160abcpp,0
PA161abcpp,0
PA180abcpp,0
PA181abcpp,0
PANTS,0.00029826
PAPA120,0
PAPA120pp,0
PAPA140,0
PAPA140pp,0
PAPA141,0
PAPA141pp,0
PAPA160,0
PAPA160pp,0
PAPA161,0
PAPA161pp,0
PAPA180,0
PAPA180pp,0
PAPA181,0
PAPA181pp,0
PAPPT3,0.014389
PAPSR,0.12835
PAPSR2,0
PDE1,0
PDE4,0
PDH,-3.8801e-11
PDX5PO2,0.00011547
PDX5POi,0
PDX5PS,0.00011547
PDXPP,0
PE120abcpp,0
PE140abcpp,0
PE141abcpp,0
PE160abcpp,0.023792
PE161abcpp,0.010905
PE180abcpp,0
PE181abcpp,0
PERD_f,0.00011547
PERD_b,0
PETNT161pp,0
PETNT181pp,0
PFK,3.7909
PFK_3,0
PFL,34.2315
PG120abcpp,0
PG140abcpp,0
PG141abcpp,0
PG160abcpp,0
PG161abcpp,0
PG180abcpp,0
PG181abcpp,0
PGAMT_f,0
PGAMT_b,0.048928
PGCD,0.86143
PGI_f,20
PGI_b,0
PGK_f,0
PGK_b,38.7532
PGL,0
PGM_f,0
PGM_b,37.8918
PGMT_f,0
PGMT_b,0
PGP120abcpp,0
PGP140abcpp,0
PGP141abcpp,0
PGP160abcpp,0
PGP161abcpp,0
PGP180abcpp,0
PGP181abcpp,0
PGPP120,0
PGPP120pp,0
PGPP140,0
PGPP140pp,0
PGPP141,0
PGPP141pp,0
PGPP160,0
PGPP160pp,0
PGPP161,0
PGPP161pp,0
PGPP180,0
PGPP180pp,0
PGPP181,0
PGPP181pp,0
PGSA120,0
PGSA140,0
PGSA141,0
PGSA160,0
PGSA161,0
PGSA180,0
PGSA181,0
PHEMEabcpp,0
PHEMEtiex,0
PHETA1_f,0
PHETA1_b,0.095934
PHEt2rpp_f,0
PHEt2rpp_b,0
PHEtex_f,0
PHEtex_b,0
PIt2rpp_f,0.4995
PIt2rpp_b,0
PItex_f,0.4995
PItex_b,0
PIuabcpp,0
PLIPA1A120pp,0
PLIPA1A140pp,0
PLIPA1A141pp,0
PLIPA1A160pp,0
PLIPA1A161pp,0
PLIPA1A180pp,0
PLIPA1A181pp,0
PLIPA1E120pp,0
PLIPA1E140pp,0
PLIPA1E141pp,0
PLIPA1E160pp,0
PLIPA1E161pp,0
PLIPA1E180pp,0
PLIPA1E181pp,0
PLIPA1G120pp,0
PLIPA1G140pp,0
PLIPA1G141pp,0
PLIPA1G160pp,0
PLIPA1G161pp,0
PLIPA1G180pp,0
PLIPA1G181pp,0
PLIPA2A120pp,0
PLIPA2A140pp,0
PLIPA2A141pp,0
PLIPA2A160pp,0
PLIPA2A161pp,0
PLIPA2A180pp,0
PLIPA2A181pp,0
PLIPA2E120pp,0
PLIPA2E140pp,0
PLIPA2E141pp,0
PLIPA2E160pp,0
PLIPA2E161pp,0
PLIPA2E180pp,0
PLIPA2E181pp,0
PLIPA2G120pp,0
PLIPA2G140pp,0
PLIPA2G141pp,0
PLIPA2G160pp,0
PLIPA2G161pp,0
PLIPA2G180pp,0
PLIPA2G181pp,0
PMANM_f,0
PMANM_b,0
PMDPHT,0.00023095
PMEACPE,1.0356e-06
PMPK,0.00011547
PNTK,0.00029826
POR5,0.056315
PPA,0
PPA2,0
PPAKr_f,0
PPAKr_b,0
PPBNGS,0.00092379
PPC,1.7044
PPCDC,0.00029826
PPCK,0
PPCSCT,0
PPGPPDP,0
PPK2r_f,0
PPK2r_b,0
PPKr_f,0
PPKr_b,1.8145
PPM_f,0
PPM_b,0.00057944
PPM2_f,5.061e-28
PPM2_b,0
PPNCL2,0.00029826
PPND,0.071521
PPNDH,0.095934
PPPGO3,0.00011547
PPS,0
PRAGSr_f,0.23211
PRAGSr_b,0
PRAIS,0.23211
PRAIi,0.029434
PRAMPC,0.049057
PRASCSi,0.23199
PRATPP,0.049057
PRFGS,0.23211
PRMICI_f,0.049057
PRMICI_b,0
PROD2,0
PROabcpp,0
PROt2rpp_f,0
PROt2rpp_b,0
PROt4pp,0
PROtex_f,0
PROtex_b,0
PRPPS_f,0.48307
PRPPS_b,0
PSCVT_f,0.19735
PSCVT_b,0
PSD120,0
PSD140,0
PSD141,0
PSD160,0.033044
PSD161,0.038947
PSD180,0
PSD181,0
PSERT,0.86143
PSP_L,0.86143
PSSA120,0
PSSA140,0
PSSA141,0
PSSA160,0.033044
PSSA161,0.038947
PSSA180,0
PSSA181,0
PTA2,0
PTAr_f,15.8552
PTAr_b,0
PTPATi,0.00029826
PTRCORNt7pp_f,0
PTRCORNt7pp_b,0
PTRCTA,0
PTRCabcpp,0
PTRCt2pp,0
PTRCtex_f,0
PTRCtex_b,0
PUNP1_f,0
PUNP1_b,0.00057944
PUNP2_f,0
PUNP2_b,0
PUNP3_f,0
PUNP3_b,9.167e-27
PUNP4_f,0
PUNP4_b,-9.167e-27
PUNP5_f,4.037e-26
PUNP5_b,0
PUNP6_f,0
PUNP6_b,6.2667e-27
PUNP7_f,0
PUNP7_b,0
PYAM5PO,0
PYDAMK,0
PYDXK,0
PYDXNK,0
PYDXPP,0
PYK,0
PYNP2r_f,0
PYNP2r_b,0
PYRt2rpp_f,0
PYRt2rpp_b,0
PYRtex_f,0
PYRtex_b,0
QUIN2tex_f,0
QUIN2tex_b,0
QUIN2tpp_f,0
QUIN2tpp_b,0
QUINDH_f,0
QUINDH_b,0
QULNS,0.0011796
R15BPK,0
R1PK,0
R5PP,0
RBFK,0.00011547
RBFSa,0.00046189
RBFSb,0.00023095
RBK,0
RFAMPtex_f,0
RFAMPtex_b,0
RFAMPtpp,0
RHAT1,0
RHCCE,0.00023198
RNDR1,0
RNDR1b,0
RNDR2,0
RNDR2b,0
RNDR3,0
RNDR3b,0
RNDR4,0
RNDR4b,0
RNTR1c2,0.013549
RNTR2c2,0.01399
RNTR3c2,0.01399
RNTR4c2,0.013549
RPE_f,0
RPE_b,0.402
RPI_f,0
RPI_b,0.38138
S2FE2SR,0
S2FE2SS,0
S2FE2SS2,0
S2FE2ST,0
S4FE4SR,0
S4FE4ST,0
S7PI,0
SADH,0
SADT2,0.12835
SCYSDS,0
SDPDS,0.19208
SDPTA_f,0
SDPTA_b,0.19208
SEPHCHCS,0
SERASr_f,0
SERASr_b,0
SERAT_f,0.12835
SERAT_b,0
SERD_D,0
SERD_L,0
SERt2rpp_f,0
SERt2rpp_b,0
SERt4pp,0
SERtex_f,0
SERtex_b,0
SGDS,0
SGSAD,0
SHCHCS3,0
SHCHD2,0.00011547
SHCHF,0.00011547
SHK3Dr_f,0.19735
SHK3Dr_b,0
SHKK,0.19735
SHSL1,0.079698
SO4t2pp,0.1306
SO4tex_f,0.1306
SO4tex_b,0
SOTA,0
SPMDabcpp,0
SPMDt3pp,0
SPMDtex_f,0
SPMDtex_b,0
SPMS,0
SSALx,0
SSALy,0
SUCBZL,0
SUCBZS,0
SUCCt2_2pp,0
SUCCt2_3pp,0
SUCCt3pp,0.17164
SUCCtex_f,0
SUCCtex_b,0.17164
SUCOAS_f,0.27178
SUCOAS_b,0
SULRi,0.12835
SULabcpp,0
T2DECAI_f,0
T2DECAI_b,0
TALA_f,0
TALA_b,0.10226
TDP,0
TDPADGAT,0
TDPAGTA,0
TDPDRE,0
TDPDRR,0
TDPGDH,0
TDSK,0.010075
THD2pp,6.3354
THDPS,0.19208
THFAT,0
THMDt2pp,0
THMDt2rpp_f,0
THMDt2rpp_b,0
THMDtex_f,0
THMDtex_b,0
THRA2i,0
THRAi,0
THRD,0
THRD_L,0.15044
THRS,0.28181
THRabcpp,0
THRt2pp,0
THRt2rpp_f,0
THRt2rpp_b,0.0026952
THRt4pp,0.0026952
THRtex_f,0
THRtex_b,0
THYMt3pp,0
THYMtex_f,0
THYMtex_b,0
THZPSN3,0.00011547
TKT1_f,0
TKT1_b,0.10226
TKT2_f,0
TKT2_b,0.29973
TMDK1,0
TMDPP_f,0
TMDPP_b,0
TMDS,0.013549
TMPK,0.00011547
TMPPP,0.00011547
TPI_f,19.4759
TPI_b,0
TRDR,0.12835
TRE6PH,0
TRE6PP,0
TRE6PS,0
TREH,0
TRPAS2_f,0
TRPAS2_b,0.029434
TRPS1,0
TRPS2,0
TRPS3,0.029434
TRPt2rpp_f,0
TRPt2rpp_b,0
TRPtex_f,0
TRPtex_b,0
TRSARr_f,0
TRSARr_b,0
TTRCYCtex_f,0
TTRCYCtex_b,0
TTRCYCtpp,0
TYRL,0.00011547
TYRTA_f,0
TYRTA_b,0.071521
TYRt2rpp_f,0
TYRt2rpp_b,0
TYRtex_f,0
TYRtex_b,0
U23GAAT,0.020149
UAAGDS,0.014389
UACMAMO,0
UAG2E_f,0
UAG2E_b,0
UAGAAT_f,0.020149
UAGAAT_b,0
UAGCVT,0.014389
UAGDP,0.048928
UAGPT3,0.014389
UAMAGS,0.014389
UAMAS,0.014389
UAPGR,0.014389
UDCPDP,0.014389
UDCPDPS,2.848e-05
UDCPDPpp,0
UDCPPtppi,0
UDPGD,0
UDPGDC,0
UDPKAAT_f,0
UDPKAAT_b,0
UGLYCH,0
UGMDDS,0.014389
UHGADA,0.020149
ULA4NFT,0
ULA4Ntppi,0
UM3PL,0
UM4PCP,0
UM4PL,0
UMPK_f,0.19576
UMPK_b,0
UPLA4FNF,0
UPLA4FNT,0
UPP3MT,0.00011547
UPP3S,0.00023095
UPPDC1,0.00011547
UPPRT,0
URAt2pp,0
URAt2rpp_f,0
URAt2rpp_b,0
URAtex_f,0
URAtex_b,0
URDGLYCD,0
UREAtex_f,0
UREAtex_b,0
UREAtpp_f,0
UREAtpp_b,0
URIC,0
URIH,1.0522e-30
URIK2,0
URIt2pp,0
URIt2rpp_f,0
URIt2rpp_b,0
URItex_f,0
URItex_b,0
USHD,0.010075
VALTA_f,0
VALTA_b,0.21912
VALabcpp,0
VALt2rpp_f,0
VALt2rpp_b,0
VALtex_f,0
VALtex_b,0
VPAMTr_f,0
VPAMTr_b,0
XAND,0
XANt2pp,0
XANtex_f,0
XANtex_b,0
XANtpp_f,0
XANtpp_b,0
XPPT,-6.2407e-29
XTSNH,0
XTSNt2rpp_f,0
XTSNt2rpp_b,0
XTSNtex_f,0
XTSNtex_b,0
XYLI2_f,0
XYLI2_b,0
ZN2abcpp,0
ZN2t3pp,0
ZN2tpp,0.00017658
ZNabcpp,0
Zn2tex_f,0.00017658
Zn2tex_b,0
netFlux,796.663